{"cameraMode":{"drawMode":0,"name":"Shaded","section":"Shading Mode"},"sceneLighting":false,"audioPlay":false,"sceneViewState":{"showFog":true,"showMaterialUpdate":false,"showSkybox":true,"showFlares":true,"showImageEffects":true,"showParticleSystems":true},"in2DMode":false,"pivot":{"x":-6.830002784729004,"y":-0.6392420530319214,"z":5.114747047424316},"rotation":{"x":0.1880134642124176,"y":-0.6964775919914246,"z":0.1972629725933075,"w":0.6638248562812805},"size":6.33975076675415,"orthographic":true}